{"coco/bbox_mAP": 0.964, "coco/bbox_mAP_50": 0.996, "coco/bbox_mAP_75": 0.996, "coco/bbox_mAP_s": -1.0, "coco/bbox_mAP_m": -1.0, "coco/bbox_mAP_l": 0.964, "data_time": 1.6573187351226806, "time": 1.6746118640899659}